model,shots,inner_batch,inner_iters,lr,meta_step,meta_step_final,meta_batch,meta_iters,eval_batch,eval_iters,dim_hidden,activation_fns,top_features
831,10,5,10,0.001,1.0,1.0,4,1000,5,10,"128, 64, 64",softmax,10
1131,10,5,10,0.001,1.0,1.0,4,1000,5,20,"128, 64",softmax,10
815,10,5,10,0.001,1.0,1.0,4,1000,5,10,"128, 64, 64",softmax,10
2007,10,5,10,0.001,1.0,1.0,4,1000,5,30,"128, 64",softmax,10
209,10,5,10,0.001,1.0,1.0,4,1000,5,10,"128, 64",softmax,10
839,10,5,10,0.001,1.0,1.0,4,1000,5,10,"128, 64, 64",softmax,10
813,10,5,10,0.001,1.0,1.0,4,1000,5,10,"128, 64, 64",softmax,10
611,10,5,10,0.001,1.0,1.0,4,1000,5,10,"128, 64, 64",relu,10
239,10,5,10,0.001,1.0,1.0,4,1000,5,10,"128, 64",softmax,10
809,10,5,10,0.001,1.0,1.0,4,1000,5,10,"128, 64, 64",softmax,10
2963,10,5,10,0.001,1.0,1.0,4,1000,10,10,"128, 64",swish,10
2689,10,5,10,0.001,1.0,1.0,4,1000,5,30,"128, 64, 64",swish,10
643,10,5,10,0.001,1.0,1.0,4,1000,5,10,"128, 64, 64",relu,10
2915,10,5,10,0.001,1.0,1.0,4,1000,10,10,"128, 64",softmax,10
1739,10,5,10,0.001,1.0,1.0,4,1000,5,20,"128, 64, 64",softmax,10
2607,10,5,10,0.001,1.0,1.0,4,1000,5,30,"128, 64, 64",softmax,10
203,10,5,10,0.001,1.0,1.0,4,1000,5,10,"128, 64",softmax,10
63,10,5,10,0.001,1.0,1.0,4,1000,5,10,"128, 64",sigmoid,10
2507,10,5,10,0.001,1.0,1.0,4,1000,5,30,"128, 64, 64",sigmoid,10
2069,10,5,10,0.001,1.0,1.0,4,1000,5,30,"128, 64",swish,10
1883,10,5,10,0.001,1.0,1.0,4,1000,5,30,"128, 64",sigmoid,10
253,10,5,10,0.001,1.0,1.0,4,1000,5,10,"128, 64",swish,10
71,10,5,10,0.001,1.0,1.0,4,1000,5,10,"128, 64",sigmoid,10
2899,10,5,10,0.001,1.0,1.0,4,1000,10,10,"128, 64",softmax,10
2701,10,5,10,0.001,1.0,1.0,4,1000,10,10,"128, 64",relu,10
819,10,5,10,0.001,1.0,1.0,4,1000,5,10,"128, 64, 64",softmax,10
2025,10,5,10,0.001,1.0,1.0,4,1000,5,30,"128, 64",softmax,10
1711,10,5,10,0.001,1.0,1.0,4,1000,5,20,"128, 64, 64",softmax,10
61,10,5,10,0.001,1.0,1.0,4,1000,5,10,"128, 64",sigmoid,10
2027,10,5,10,0.001,1.0,1.0,4,1000,5,30,"128, 64",softmax,10
11,10,5,10,0.001,1.0,1.0,4,1000,5,10,"128, 64",relu,10
601,10,5,10,0.001,1.0,1.0,4,1000,5,10,"128, 64, 64",relu,10
837,10,5,10,0.001,1.0,1.0,4,1000,5,10,"128, 64, 64",softmax,10
1121,10,5,10,0.001,1.0,1.0,4,1000,5,20,"128, 64",softmax,10
2021,10,5,10,0.001,1.0,1.0,4,1000,5,30,"128, 64",softmax,10
1,10,5,10,0.001,1.0,1.0,4,1000,5,10,"128, 64",relu,10
847,10,5,10,0.001,1.0,1.0,4,1000,5,10,"128, 64, 64",swish,10
251,10,5,10,0.001,1.0,1.0,4,1000,5,10,"128, 64",swish,10
3,10,5,10,0.001,1.0,1.0,4,1000,5,10,"128, 64",relu,10
883,10,5,10,0.001,1.0,1.0,4,1000,5,10,"128, 64, 64",swish,10
663,10,5,10,0.001,1.0,1.0,4,1000,5,10,"128, 64, 64",sigmoid,10
875,10,5,10,0.001,1.0,1.0,4,1000,5,10,"128, 64, 64",swish,10
2763,10,5,10,0.001,1.0,1.0,4,1000,10,10,"128, 64",sigmoid,10
227,10,5,10,0.001,1.0,1.0,4,1000,5,10,"128, 64",softmax,10
285,10,5,10,0.001,1.0,1.0,4,1000,5,10,"128, 64",swish,10
2705,10,5,10,0.001,1.0,1.0,4,1000,10,10,"128, 64",relu,10
193,10,5,10,0.001,1.0,1.0,4,1000,5,10,"128, 64",softmax,10
669,10,5,10,0.001,1.0,1.0,4,1000,5,10,"128, 64, 64",sigmoid,10
1729,10,5,10,0.001,1.0,1.0,4,1000,5,20,"128, 64, 64",softmax,10
801,10,5,10,0.001,1.0,1.0,4,1000,5,10,"128, 64, 64",softmax,10
603,10,5,10,0.001,1.0,1.0,4,1000,5,10,"128, 64, 64",relu,10
219,10,5,10,0.001,1.0,1.0,4,1000,5,10,"128, 64",softmax,10
843,10,5,10,0.001,1.0,1.0,4,1000,5,10,"128, 64, 64",swish,10
217,10,5,10,0.001,1.0,1.0,4,1000,5,10,"128, 64",softmax,10
2711,10,5,10,0.001,1.0,1.0,4,1000,10,10,"128, 64",relu,10
2767,10,5,10,0.001,1.0,1.0,4,1000,10,10,"128, 64",sigmoid,10
243,10,5,10,0.001,1.0,1.0,4,1000,5,10,"128, 64",swish,10
1817,10,5,10,0.001,1.0,1.0,4,1000,5,30,"128, 64",relu,10
1865,10,5,10,0.001,1.0,1.0,4,1000,5,30,"128, 64",sigmoid,10
121,10,5,10,0.001,1.0,1.0,4,1000,5,10,"128, 64",tanh,10
849,10,5,10,0.001,1.0,1.0,4,1000,5,10,"128, 64, 64",swish,10
833,10,5,10,0.001,1.0,1.0,4,1000,5,10,"128, 64, 64",softmax,10
5,10,5,10,0.001,1.0,1.0,4,1000,5,10,"128, 64",relu,10
2897,10,5,10,0.001,1.0,1.0,4,1000,10,10,"128, 64",softmax,10
2761,10,5,10,0.001,1.0,1.0,4,1000,10,10,"128, 64",sigmoid,10
609,10,5,10,0.001,1.0,1.0,4,1000,5,10,"128, 64, 64",relu,10
2003,10,5,10,0.001,1.0,1.0,4,1000,5,30,"128, 64",softmax,10
2893,10,5,10,0.001,1.0,1.0,4,1000,10,10,"128, 64",softmax,10
1871,10,5,10,0.001,1.0,1.0,4,1000,5,30,"128, 64",sigmoid,10
2945,10,5,10,0.001,1.0,1.0,4,1000,10,10,"128, 64",swish,10
1783,10,5,10,0.001,1.0,1.0,4,1000,5,20,"128, 64, 64",swish,10
2051,10,5,10,0.001,1.0,1.0,4,1000,5,30,"128, 64",swish,10
2917,10,5,10,0.001,1.0,1.0,4,1000,10,10,"128, 64",softmax,10
199,10,5,10,0.001,1.0,1.0,4,1000,5,10,"128, 64",softmax,10
7,10,5,10,0.001,1.0,1.0,4,1000,5,10,"128, 64",relu,10
2703,10,5,10,0.001,1.0,1.0,4,1000,10,10,"128, 64",relu,10
169,10,5,10,0.001,1.0,1.0,4,1000,5,10,"128, 64",tanh,10
2925,10,5,10,0.001,1.0,1.0,4,1000,10,10,"128, 64",softmax,10
805,10,5,10,0.001,1.0,1.0,4,1000,5,10,"128, 64, 64",softmax,10
195,10,5,10,0.001,1.0,1.0,4,1000,5,10,"128, 64",softmax,10
1123,10,5,10,0.001,1.0,1.0,4,1000,5,20,"128, 64",softmax,10
2643,10,5,10,0.001,1.0,1.0,4,1000,5,30,"128, 64, 64",swish,10
1921,10,5,10,0.001,1.0,1.0,4,1000,5,30,"128, 64",tanh,10
1811,10,5,10,0.001,1.0,1.0,4,1000,5,30,"128, 64",relu,10
2883,10,5,10,0.001,1.0,1.0,4,1000,10,10,"128, 64",softmax,10
1725,10,5,10,0.001,1.0,1.0,4,1000,5,20,"128, 64, 64",softmax,10
2709,10,5,10,0.001,1.0,1.0,4,1000,10,10,"128, 64",relu,10
2603,10,5,10,0.001,1.0,1.0,4,1000,5,30,"128, 64, 64",softmax,10
1993,10,5,10,0.001,1.0,1.0,4,1000,5,30,"128, 64",softmax,10
2017,10,5,10,0.001,1.0,1.0,4,1000,5,30,"128, 64",softmax,10
723,10,5,10,0.001,1.0,1.0,4,1000,5,10,"128, 64, 64",tanh,10
671,10,5,10,0.001,1.0,1.0,4,1000,5,10,"128, 64, 64",sigmoid,10
2765,10,5,10,0.001,1.0,1.0,4,1000,10,10,"128, 64",sigmoid,10
721,10,5,10,0.001,1.0,1.0,4,1000,5,10,"128, 64, 64",tanh,10
69,10,5,10,0.001,1.0,1.0,4,1000,5,10,"128, 64",sigmoid,10
2043,10,5,10,0.001,1.0,1.0,4,1000,5,30,"128, 64",swish,10
1515,10,5,10,0.001,1.0,1.0,4,1000,5,20,"128, 64, 64",relu,10
1997,10,5,10,0.001,1.0,1.0,4,1000,5,30,"128, 64",softmax,10
129,10,5,10,0.001,1.0,1.0,4,1000,5,10,"128, 64",tanh,10
795,10,5,10,0.001,1.0,1.0,4,1000,5,10,"128, 64, 64",softmax,10
1869,10,5,10,0.001,1.0,1.0,4,1000,5,30,"128, 64",sigmoid,10
817,10,5,10,0.001,1.0,1.0,4,1000,5,10,"128, 64, 64",softmax,10
249,10,5,10,0.001,1.0,1.0,4,1000,5,10,"128, 64",swish,10
1999,10,5,10,0.001,1.0,1.0,4,1000,5,30,"128, 64",softmax,10
791,10,5,10,0.001,1.0,1.0,4,1000,5,10,"128, 64, 64",softmax,10
65,10,5,10,0.001,1.0,1.0,4,1000,5,10,"128, 64",sigmoid,10
2595,10,5,10,0.001,1.0,1.0,4,1000,5,30,"128, 64, 64",softmax,10
2651,10,5,10,0.001,1.0,1.0,4,1000,5,30,"128, 64, 64",swish,10
1735,10,5,10,0.001,1.0,1.0,4,1000,5,20,"128, 64, 64",softmax,10
2769,10,5,10,0.001,1.0,1.0,4,1000,10,10,"128, 64",sigmoid,10
827,10,5,10,0.001,1.0,1.0,4,1000,5,10,"128, 64, 64",softmax,10
2627,10,5,10,0.001,1.0,1.0,4,1000,5,30,"128, 64, 64",softmax,10
1127,10,5,10,0.001,1.0,1.0,4,1000,5,20,"128, 64",softmax,10
247,10,5,10,0.001,1.0,1.0,4,1000,5,10,"128, 64",swish,10
1109,10,5,10,0.001,1.0,1.0,4,1000,5,20,"128, 64",softmax,10
2895,10,5,10,0.001,1.0,1.0,4,1000,10,10,"128, 64",softmax,10
967,10,5,10,0.001,1.0,1.0,4,1000,5,20,"128, 64",sigmoid,10
9,10,5,10,0.001,1.0,1.0,4,1000,5,10,"128, 64",relu,10
2799,10,5,10,0.001,1.0,1.0,4,1000,10,10,"128, 64",sigmoid,10
2621,10,5,10,0.001,1.0,1.0,4,1000,5,30,"128, 64, 64",softmax,10
607,10,5,10,0.001,1.0,1.0,4,1000,5,10,"128, 64, 64",relu,10
2615,10,5,10,0.001,1.0,1.0,4,1000,5,30,"128, 64, 64",softmax,10
1101,10,5,10,0.001,1.0,1.0,4,1000,5,20,"128, 64",softmax,10
821,10,5,10,0.001,1.0,1.0,4,1000,5,10,"128, 64, 64",softmax,10
1995,10,5,10,0.001,1.0,1.0,4,1000,5,30,"128, 64",softmax,10
2943,10,5,10,0.001,1.0,1.0,4,1000,10,10,"128, 64",swish,10
841,10,5,10,0.001,1.0,1.0,4,1000,5,10,"128, 64, 64",swish,10
1733,10,5,10,0.001,1.0,1.0,4,1000,5,20,"128, 64, 64",softmax,10
2733,10,5,10,0.001,1.0,1.0,4,1000,10,10,"128, 64",relu,10
851,10,5,10,0.001,1.0,1.0,4,1000,5,10,"128, 64, 64",swish,10
2921,10,5,10,0.001,1.0,1.0,4,1000,10,10,"128, 64",softmax,10
1983,10,5,10,0.001,1.0,1.0,4,1000,5,30,"128, 64",softmax,10
245,10,5,10,0.001,1.0,1.0,4,1000,5,10,"128, 64",swish,10
191,10,5,10,0.001,1.0,1.0,4,1000,5,10,"128, 64",softmax,10
2411,10,5,10,0.001,1.0,1.0,4,1000,5,30,"128, 64, 64",relu,10
1861,10,5,10,0.001,1.0,1.0,4,1000,5,30,"128, 64",sigmoid,10
1545,10,5,10,0.001,1.0,1.0,4,1000,5,20,"128, 64, 64",relu,10
1563,10,5,10,0.001,1.0,1.0,4,1000,5,20,"128, 64, 64",sigmoid,10
971,10,5,10,0.001,1.0,1.0,4,1000,5,20,"128, 64",sigmoid,10
667,10,5,10,0.001,1.0,1.0,4,1000,5,10,"128, 64, 64",sigmoid,10
1749,10,5,10,0.001,1.0,1.0,4,1000,5,20,"128, 64, 64",swish,10
1803,10,5,10,0.001,1.0,1.0,4,1000,5,30,"128, 64",relu,10
1089,10,5,10,0.001,1.0,1.0,4,1000,5,20,"128, 64",softmax,10
783,10,5,10,0.001,1.0,1.0,4,1000,5,10,"128, 64, 64",softmax,10
183,10,5,10,0.001,1.0,1.0,4,1000,5,10,"128, 64",softmax,10
2465,10,5,10,0.001,1.0,1.0,4,1000,5,30,"128, 64, 64",sigmoid,10
201,10,5,10,0.001,1.0,1.0,4,1000,5,10,"128, 64",softmax,10
803,10,5,10,0.001,1.0,1.0,4,1000,5,10,"128, 64, 64",softmax,10
1789,10,5,10,0.001,1.0,1.0,4,1000,5,20,"128, 64, 64",swish,10
1097,10,5,10,0.001,1.0,1.0,4,1000,5,20,"128, 64",softmax,10
1929,10,5,10,0.001,1.0,1.0,4,1000,5,30,"128, 64",tanh,10
1831,10,5,10,0.001,1.0,1.0,4,1000,5,30,"128, 64",relu,10
225,10,5,10,0.001,1.0,1.0,4,1000,5,10,"128, 64",softmax,10
1805,10,5,10,0.001,1.0,1.0,4,1000,5,30,"128, 64",relu,10
2591,10,5,10,0.001,1.0,1.0,4,1000,5,30,"128, 64, 64",softmax,10
727,10,5,10,0.001,1.0,1.0,4,1000,5,10,"128, 64, 64",tanh,10
919,10,5,10,0.001,1.0,1.0,4,1000,5,20,"128, 64",relu,10
731,10,5,10,0.001,1.0,1.0,4,1000,5,10,"128, 64, 64",tanh,10
1991,10,5,10,0.001,1.0,1.0,4,1000,5,30,"128, 64",softmax,10
67,10,5,10,0.001,1.0,1.0,4,1000,5,10,"128, 64",sigmoid,10
2675,10,5,10,0.001,1.0,1.0,4,1000,5,30,"128, 64, 64",swish,10
2463,10,5,10,0.001,1.0,1.0,4,1000,5,30,"128, 64, 64",sigmoid,10
1573,10,5,10,0.001,1.0,1.0,4,1000,5,20,"128, 64, 64",sigmoid,10
2541,10,5,10,0.001,1.0,1.0,4,1000,5,30,"128, 64, 64",tanh,10
661,10,5,10,0.001,1.0,1.0,4,1000,5,10,"128, 64, 64",sigmoid,10
123,10,5,10,0.001,1.0,1.0,4,1000,5,10,"128, 64",tanh,10
1091,10,5,10,0.001,1.0,1.0,4,1000,5,20,"128, 64",softmax,10
845,10,5,10,0.001,1.0,1.0,4,1000,5,10,"128, 64, 64",swish,10
197,10,5,10,0.001,1.0,1.0,4,1000,5,10,"128, 64",softmax,10
43,10,5,10,0.001,1.0,1.0,4,1000,5,10,"128, 64",relu,10
2049,10,5,10,0.001,1.0,1.0,4,1000,5,30,"128, 64",swish,10
1125,10,5,10,0.001,1.0,1.0,4,1000,5,20,"128, 64",softmax,10
2041,10,5,10,0.001,1.0,1.0,4,1000,5,30,"128, 64",swish,10
2047,10,5,10,0.001,1.0,1.0,4,1000,5,30,"128, 64",swish,10
965,10,5,10,0.001,1.0,1.0,4,1000,5,20,"128, 64",sigmoid,10
785,10,5,10,0.001,1.0,1.0,4,1000,5,10,"128, 64, 64",softmax,10
2619,10,5,10,0.001,1.0,1.0,4,1000,5,30,"128, 64, 64",softmax,10
1863,10,5,10,0.001,1.0,1.0,4,1000,5,30,"128, 64",sigmoid,10
2625,10,5,10,0.001,1.0,1.0,4,1000,5,30,"128, 64, 64",softmax,10
915,10,5,10,0.001,1.0,1.0,4,1000,5,20,"128, 64",relu,10
825,10,5,10,0.001,1.0,1.0,4,1000,5,10,"128, 64, 64",softmax,10
1727,10,5,10,0.001,1.0,1.0,4,1000,5,20,"128, 64, 64",softmax,10
2825,10,5,10,0.001,1.0,1.0,4,1000,10,10,"128, 64",tanh,10
2045,10,5,10,0.001,1.0,1.0,4,1000,5,30,"128, 64",swish,10
2001,10,5,10,0.001,1.0,1.0,4,1000,5,30,"128, 64",softmax,10
1139,10,5,10,0.001,1.0,1.0,4,1000,5,20,"128, 64",softmax,10
2831,10,5,10,0.001,1.0,1.0,4,1000,10,10,"128, 64",tanh,10
665,10,5,10,0.001,1.0,1.0,4,1000,5,10,"128, 64, 64",sigmoid,10
771,10,5,10,0.001,1.0,1.0,4,1000,5,10,"128, 64, 64",tanh,10
2955,10,5,10,0.001,1.0,1.0,4,1000,10,10,"128, 64",swish,10
1505,10,5,10,0.001,1.0,1.0,4,1000,5,20,"128, 64, 64",relu,10
2461,10,5,10,0.001,1.0,1.0,4,1000,5,30,"128, 64, 64",sigmoid,10
2587,10,5,10,0.001,1.0,1.0,4,1000,5,30,"128, 64, 64",softmax,10
2441,10,5,10,0.001,1.0,1.0,4,1000,5,30,"128, 64, 64",relu,10
241,10,5,10,0.001,1.0,1.0,4,1000,5,10,"128, 64",swish,10
1507,10,5,10,0.001,1.0,1.0,4,1000,5,20,"128, 64, 64",relu,10
2467,10,5,10,0.001,1.0,1.0,4,1000,5,30,"128, 64, 64",sigmoid,10
961,10,5,10,0.001,1.0,1.0,4,1000,5,20,"128, 64",sigmoid,10
1569,10,5,10,0.001,1.0,1.0,4,1000,5,20,"128, 64, 64",sigmoid,10
2471,10,5,10,0.001,1.0,1.0,4,1000,5,30,"128, 64, 64",sigmoid,10
1565,10,5,10,0.001,1.0,1.0,4,1000,5,20,"128, 64, 64",sigmoid,10
2623,10,5,10,0.001,1.0,1.0,4,1000,5,30,"128, 64, 64",softmax,10
793,10,5,10,0.001,1.0,1.0,4,1000,5,10,"128, 64, 64",softmax,10
1927,10,5,10,0.001,1.0,1.0,4,1000,5,30,"128, 64",tanh,10
1721,10,5,10,0.001,1.0,1.0,4,1000,5,20,"128, 64, 64",softmax,10
2645,10,5,10,0.001,1.0,1.0,4,1000,5,30,"128, 64, 64",swish,10
1717,10,5,10,0.001,1.0,1.0,4,1000,5,20,"128, 64, 64",softmax,10
1809,10,5,10,0.001,1.0,1.0,4,1000,5,30,"128, 64",relu,10
2583,10,5,10,0.001,1.0,1.0,4,1000,5,30,"128, 64, 64",softmax,10
1103,10,5,10,0.001,1.0,1.0,4,1000,5,20,"128, 64",softmax,10
2857,10,5,10,0.001,1.0,1.0,4,1000,10,10,"128, 64",tanh,10
1923,10,5,10,0.001,1.0,1.0,4,1000,5,30,"128, 64",tanh,10
1875,10,5,10,0.001,1.0,1.0,4,1000,5,30,"128, 64",sigmoid,10
1867,10,5,10,0.001,1.0,1.0,4,1000,5,30,"128, 64",sigmoid,10
127,10,5,10,0.001,1.0,1.0,4,1000,5,10,"128, 64",tanh,10
2889,10,5,10,0.001,1.0,1.0,4,1000,10,10,"128, 64",softmax,10
969,10,5,10,0.001,1.0,1.0,4,1000,5,20,"128, 64",sigmoid,10
2949,10,5,10,0.001,1.0,1.0,4,1000,10,10,"128, 64",swish,10
233,10,5,10,0.001,1.0,1.0,4,1000,5,10,"128, 64",softmax,10
2617,10,5,10,0.001,1.0,1.0,4,1000,5,30,"128, 64, 64",softmax,10
1141,10,5,10,0.001,1.0,1.0,4,1000,5,20,"128, 64",swish,10
2771,10,5,10,0.001,1.0,1.0,4,1000,10,10,"128, 64",sigmoid,10
1511,10,5,10,0.001,1.0,1.0,4,1000,5,20,"128, 64, 64",relu,10
1925,10,5,10,0.001,1.0,1.0,4,1000,5,30,"128, 64",tanh,10
829,10,5,10,0.001,1.0,1.0,4,1000,5,10,"128, 64, 64",softmax,10
1509,10,5,10,0.001,1.0,1.0,4,1000,5,20,"128, 64, 64",relu,10
1625,10,5,10,0.001,1.0,1.0,4,1000,5,20,"128, 64, 64",tanh,10
1807,10,5,10,0.001,1.0,1.0,4,1000,5,30,"128, 64",relu,10
2023,10,5,10,0.001,1.0,1.0,4,1000,5,30,"128, 64",softmax,10
1021,10,5,10,0.001,1.0,1.0,4,1000,5,20,"128, 64",tanh,10
911,10,5,10,0.001,1.0,1.0,4,1000,5,20,"128, 64",relu,10
2083,10,5,10,0.001,1.0,1.0,4,1000,5,30,"128, 64",swish,10
797,10,5,10,0.001,1.0,1.0,4,1000,5,10,"128, 64, 64",softmax,10
1503,10,5,10,0.001,1.0,1.0,4,1000,5,20,"128, 64, 64",relu,10
963,10,5,10,0.001,1.0,1.0,4,1000,5,20,"128, 64",sigmoid,10
143,10,5,10,0.001,1.0,1.0,4,1000,5,10,"128, 64",tanh,10
141,10,5,10,0.001,1.0,1.0,4,1000,5,10,"128, 64",tanh,10
1561,10,5,10,0.001,1.0,1.0,4,1000,5,20,"128, 64, 64",sigmoid,10
781,10,5,10,0.001,1.0,1.0,4,1000,5,10,"128, 64, 64",softmax,10
2531,10,5,10,0.001,1.0,1.0,4,1000,5,30,"128, 64, 64",tanh,10
2707,10,5,10,0.001,1.0,1.0,4,1000,10,10,"128, 64",relu,10
907,10,5,10,0.001,1.0,1.0,4,1000,5,20,"128, 64",relu,10
2019,10,5,10,0.001,1.0,1.0,4,1000,5,30,"128, 64",softmax,10
2903,10,5,10,0.001,1.0,1.0,4,1000,10,10,"128, 64",softmax,10
2571,10,5,10,0.001,1.0,1.0,4,1000,5,30,"128, 64, 64",tanh,10
1931,10,5,10,0.001,1.0,1.0,4,1000,5,30,"128, 64",tanh,10
929,10,5,10,0.001,1.0,1.0,4,1000,5,20,"128, 64",relu,10
1743,10,5,10,0.001,1.0,1.0,4,1000,5,20,"128, 64, 64",swish,10
2901,10,5,10,0.001,1.0,1.0,4,1000,10,10,"128, 64",softmax,10
2941,10,5,10,0.001,1.0,1.0,4,1000,10,10,"128, 64",swish,10
2947,10,5,10,0.001,1.0,1.0,4,1000,10,10,"128, 64",swish,10
1029,10,5,10,0.001,1.0,1.0,4,1000,5,20,"128, 64",tanh,10
1023,10,5,10,0.001,1.0,1.0,4,1000,5,20,"128, 64",tanh,10
2647,10,5,10,0.001,1.0,1.0,4,1000,5,30,"128, 64, 64",swish,10
789,10,5,10,0.001,1.0,1.0,4,1000,5,10,"128, 64, 64",softmax,10
2951,10,5,10,0.001,1.0,1.0,4,1000,10,10,"128, 64",swish,10
1689,10,5,10,0.001,1.0,1.0,4,1000,5,20,"128, 64, 64",softmax,10
1631,10,5,10,0.001,1.0,1.0,4,1000,5,20,"128, 64, 64",tanh,10
901,10,5,10,0.001,1.0,1.0,4,1000,5,20,"128, 64",relu,10
799,10,5,10,0.001,1.0,1.0,4,1000,5,10,"128, 64, 64",softmax,10
2585,10,5,10,0.001,1.0,1.0,4,1000,5,30,"128, 64, 64",softmax,10
787,10,5,10,0.001,1.0,1.0,4,1000,5,10,"128, 64, 64",softmax,10
2641,10,5,10,0.001,1.0,1.0,4,1000,5,30,"128, 64, 64",swish,10
1567,10,5,10,0.001,1.0,1.0,4,1000,5,20,"128, 64, 64",sigmoid,10
2919,10,5,10,0.001,1.0,1.0,4,1000,10,10,"128, 64",softmax,10
2833,10,5,10,0.001,1.0,1.0,4,1000,10,10,"128, 64",tanh,10
2455,10,5,10,0.001,1.0,1.0,4,1000,5,30,"128, 64, 64",relu,10
2401,10,5,10,0.001,1.0,1.0,4,1000,5,30,"128, 64, 64",relu,10
1945,10,5,10,0.001,1.0,1.0,4,1000,5,30,"128, 64",tanh,10
1687,10,5,10,0.001,1.0,1.0,4,1000,5,20,"128, 64, 64",softmax,10
775,10,5,10,0.001,1.0,1.0,4,1000,5,10,"128, 64, 64",tanh,10
1145,10,5,10,0.001,1.0,1.0,4,1000,5,20,"128, 64",swish,10
1695,10,5,10,0.001,1.0,1.0,4,1000,5,20,"128, 64, 64",softmax,10
1119,10,5,10,0.001,1.0,1.0,4,1000,5,20,"128, 64",softmax,10
2403,10,5,10,0.001,1.0,1.0,4,1000,5,30,"128, 64, 64",relu,10
2957,10,5,10,0.001,1.0,1.0,4,1000,10,10,"128, 64",swish,10
1059,10,5,10,0.001,1.0,1.0,4,1000,5,20,"128, 64",tanh,10
2593,10,5,10,0.001,1.0,1.0,4,1000,5,30,"128, 64, 64",softmax,10
729,10,5,10,0.001,1.0,1.0,4,1000,5,10,"128, 64, 64",tanh,10
1083,10,5,10,0.001,1.0,1.0,4,1000,5,20,"128, 64",softmax,10
699,10,5,10,0.001,1.0,1.0,4,1000,5,10,"128, 64, 64",sigmoid,10
2407,10,5,10,0.001,1.0,1.0,4,1000,5,30,"128, 64, 64",relu,10
1031,10,5,10,0.001,1.0,1.0,4,1000,5,20,"128, 64",tanh,10
1025,10,5,10,0.001,1.0,1.0,4,1000,5,20,"128, 64",tanh,10
1821,10,5,10,0.001,1.0,1.0,4,1000,5,30,"128, 64",relu,10
705,10,5,10,0.001,1.0,1.0,4,1000,5,10,"128, 64, 64",sigmoid,10
2649,10,5,10,0.001,1.0,1.0,4,1000,5,30,"128, 64, 64",swish,10
2523,10,5,10,0.001,1.0,1.0,4,1000,5,30,"128, 64, 64",tanh,10
131,10,5,10,0.001,1.0,1.0,4,1000,5,10,"128, 64",tanh,10
1703,10,5,10,0.001,1.0,1.0,4,1000,5,20,"128, 64, 64",softmax,10
2031,10,5,10,0.001,1.0,1.0,4,1000,5,30,"128, 64",softmax,10
1623,10,5,10,0.001,1.0,1.0,4,1000,5,20,"128, 64, 64",tanh,10
1535,10,5,10,0.001,1.0,1.0,4,1000,5,20,"128, 64, 64",relu,10
1093,10,5,10,0.001,1.0,1.0,4,1000,5,20,"128, 64",softmax,10
1571,10,5,10,0.001,1.0,1.0,4,1000,5,20,"128, 64, 64",sigmoid,10
2821,10,5,10,0.001,1.0,1.0,4,1000,10,10,"128, 64",tanh,10
2581,10,5,10,0.001,1.0,1.0,4,1000,5,30,"128, 64, 64",softmax,10
605,10,5,10,0.001,1.0,1.0,4,1000,5,10,"128, 64, 64",relu,10
1763,10,5,10,0.001,1.0,1.0,4,1000,5,20,"128, 64, 64",swish,10
1529,10,5,10,0.001,1.0,1.0,4,1000,5,20,"128, 64, 64",relu,10
2781,10,5,10,0.001,1.0,1.0,4,1000,10,10,"128, 64",sigmoid,10
2599,10,5,10,0.001,1.0,1.0,4,1000,5,30,"128, 64, 64",softmax,10
1143,10,5,10,0.001,1.0,1.0,4,1000,5,20,"128, 64",swish,10
903,10,5,10,0.001,1.0,1.0,4,1000,5,20,"128, 64",relu,10
2923,10,5,10,0.001,1.0,1.0,4,1000,10,10,"128, 64",softmax,10
2881,10,5,10,0.001,1.0,1.0,4,1000,10,10,"128, 64",softmax,10
1719,10,5,10,0.001,1.0,1.0,4,1000,5,20,"128, 64, 64",softmax,10
2527,10,5,10,0.001,1.0,1.0,4,1000,5,30,"128, 64, 64",tanh,10
213,10,5,10,0.001,1.0,1.0,4,1000,5,10,"128, 64",softmax,10
1693,10,5,10,0.001,1.0,1.0,4,1000,5,20,"128, 64, 64",softmax,10
1723,10,5,10,0.001,1.0,1.0,4,1000,5,20,"128, 64, 64",softmax,10
1099,10,5,10,0.001,1.0,1.0,4,1000,5,20,"128, 64",softmax,10
823,10,5,10,0.001,1.0,1.0,4,1000,5,10,"128, 64, 64",softmax,10
2597,10,5,10,0.001,1.0,1.0,4,1000,5,30,"128, 64, 64",softmax,10
1697,10,5,10,0.001,1.0,1.0,4,1000,5,20,"128, 64, 64",softmax,10
1629,10,5,10,0.001,1.0,1.0,4,1000,5,20,"128, 64, 64",tanh,10
909,10,5,10,0.001,1.0,1.0,4,1000,5,20,"128, 64",relu,10
2759,10,5,10,0.001,1.0,1.0,4,1000,10,10,"128, 64",relu,10
221,10,5,10,0.001,1.0,1.0,4,1000,5,10,"128, 64",softmax,10
1681,10,5,10,0.001,1.0,1.0,4,1000,5,20,"128, 64, 64",softmax,10
1149,10,5,10,0.001,1.0,1.0,4,1000,5,20,"128, 64",swish,10
2887,10,5,10,0.001,1.0,1.0,4,1000,10,10,"128, 64",softmax,10
2927,10,5,10,0.001,1.0,1.0,4,1000,10,10,"128, 64",softmax,10
2829,10,5,10,0.001,1.0,1.0,4,1000,10,10,"128, 64",tanh,10
1117,10,5,10,0.001,1.0,1.0,4,1000,5,20,"128, 64",softmax,10
1773,10,5,10,0.001,1.0,1.0,4,1000,5,20,"128, 64, 64",swish,10
2723,10,5,10,0.001,1.0,1.0,4,1000,10,10,"128, 64",relu,10
1987,10,5,10,0.001,1.0,1.0,4,1000,5,30,"128, 64",softmax,10
2521,10,5,10,0.001,1.0,1.0,4,1000,5,30,"128, 64, 64",tanh,10
1095,10,5,10,0.001,1.0,1.0,4,1000,5,20,"128, 64",softmax,10
2871,10,5,10,0.001,1.0,1.0,4,1000,10,10,"128, 64",tanh,10
2409,10,5,10,0.001,1.0,1.0,4,1000,5,30,"128, 64, 64",relu,10
725,10,5,10,0.001,1.0,1.0,4,1000,5,10,"128, 64, 64",tanh,10
741,10,5,10,0.001,1.0,1.0,4,1000,5,10,"128, 64, 64",tanh,10
2891,10,5,10,0.001,1.0,1.0,4,1000,10,10,"128, 64",softmax,10
139,10,5,10,0.001,1.0,1.0,4,1000,5,10,"128, 64",tanh,10
2589,10,5,10,0.001,1.0,1.0,4,1000,5,30,"128, 64, 64",softmax,10
761,10,5,10,0.001,1.0,1.0,4,1000,5,10,"128, 64, 64",tanh,10
2969,10,5,10,0.001,1.0,1.0,4,1000,10,10,"128, 64",swish,10
299,10,5,10,0.001,1.0,1.0,4,1000,5,10,"128, 64",swish,10
2629,10,5,10,0.001,1.0,1.0,4,1000,5,30,"128, 64, 64",softmax,10
1903,10,5,10,0.001,1.0,1.0,4,1000,5,30,"128, 64",sigmoid,10
1085,10,5,10,0.001,1.0,1.0,4,1000,5,20,"128, 64",softmax,10
2691,10,5,10,0.001,1.0,1.0,4,1000,5,30,"128, 64, 64",swish,10
1685,10,5,10,0.001,1.0,1.0,4,1000,5,20,"128, 64, 64",softmax,10
1747,10,5,10,0.001,1.0,1.0,4,1000,5,20,"128, 64, 64",swish,10
1621,10,5,10,0.001,1.0,1.0,4,1000,5,20,"128, 64, 64",tanh,10
739,10,5,10,0.001,1.0,1.0,4,1000,5,10,"128, 64, 64",tanh,10
2405,10,5,10,0.001,1.0,1.0,4,1000,5,30,"128, 64, 64",relu,10
885,10,5,10,0.001,1.0,1.0,4,1000,5,10,"128, 64, 64",swish,10
1177,10,5,10,0.001,1.0,1.0,4,1000,5,20,"128, 64",swish,10
759,10,5,10,0.001,1.0,1.0,4,1000,5,10,"128, 64, 64",tanh,10
1501,10,5,10,0.001,1.0,1.0,4,1000,5,20,"128, 64, 64",relu,10
1067,10,5,10,0.001,1.0,1.0,4,1000,5,20,"128, 64",tanh,10
181,10,5,10,0.001,1.0,1.0,4,1000,5,10,"128, 64",softmax,10
1701,10,5,10,0.001,1.0,1.0,4,1000,5,20,"128, 64, 64",softmax,10
959,10,5,10,0.001,1.0,1.0,4,1000,5,20,"128, 64",relu,10
187,10,5,10,0.001,1.0,1.0,4,1000,5,10,"128, 64",softmax,10
1027,10,5,10,0.001,1.0,1.0,4,1000,5,20,"128, 64",tanh,10
1899,10,5,10,0.001,1.0,1.0,4,1000,5,30,"128, 64",sigmoid,10
1151,10,5,10,0.001,1.0,1.0,4,1000,5,20,"128, 64",swish,10
1985,10,5,10,0.001,1.0,1.0,4,1000,5,30,"128, 64",softmax,10
125,10,5,10,0.001,1.0,1.0,4,1000,5,10,"128, 64",tanh,10
905,10,5,10,0.001,1.0,1.0,4,1000,5,20,"128, 64",relu,10
1683,10,5,10,0.001,1.0,1.0,4,1000,5,20,"128, 64, 64",softmax,10
189,10,5,10,0.001,1.0,1.0,4,1000,5,10,"128, 64",softmax,10
749,10,5,10,0.001,1.0,1.0,4,1000,5,10,"128, 64, 64",tanh,10
1147,10,5,10,0.001,1.0,1.0,4,1000,5,20,"128, 64",swish,10
1087,10,5,10,0.001,1.0,1.0,4,1000,5,20,"128, 64",softmax,10
1745,10,5,10,0.001,1.0,1.0,4,1000,5,20,"128, 64, 64",swish,10
223,10,5,10,0.001,1.0,1.0,4,1000,5,10,"128, 64",softmax,10
2867,10,5,10,0.001,1.0,1.0,4,1000,10,10,"128, 64",tanh,10
2037,10,5,10,0.001,1.0,1.0,4,1000,5,30,"128, 64",softmax,10
1081,10,5,10,0.001,1.0,1.0,4,1000,5,20,"128, 64",softmax,10
1699,10,5,10,0.001,1.0,1.0,4,1000,5,20,"128, 64, 64",softmax,10
1741,10,5,10,0.001,1.0,1.0,4,1000,5,20,"128, 64, 64",swish,10
2835,10,5,10,0.001,1.0,1.0,4,1000,10,10,"128, 64",tanh,10
1715,10,5,10,0.001,1.0,1.0,4,1000,5,20,"128, 64, 64",softmax,10
2827,10,5,10,0.001,1.0,1.0,4,1000,10,10,"128, 64",tanh,10
1691,10,5,10,0.001,1.0,1.0,4,1000,5,20,"128, 64, 64",softmax,10
1679,10,5,10,0.001,1.0,1.0,4,1000,5,20,"128, 64, 64",tanh,10
2525,10,5,10,0.001,1.0,1.0,4,1000,5,30,"128, 64, 64",tanh,10
1793,10,5,10,0.001,1.0,1.0,4,1000,5,20,"128, 64, 64",swish,10
947,10,5,10,0.001,1.0,1.0,4,1000,5,20,"128, 64",relu,10
1713,10,5,10,0.001,1.0,1.0,4,1000,5,20,"128, 64, 64",softmax,10
891,10,5,10,0.001,1.0,1.0,4,1000,5,10,"128, 64, 64",swish,10
2545,10,5,10,0.001,1.0,1.0,4,1000,5,30,"128, 64, 64",tanh,10
2961,10,5,10,0.001,1.0,1.0,4,1000,10,10,"128, 64",swish,10
2687,10,5,10,0.001,1.0,1.0,4,1000,5,30,"128, 64, 64",swish,10
2529,10,5,10,0.001,1.0,1.0,4,1000,5,30,"128, 64, 64",tanh,10
1981,10,5,10,0.001,1.0,1.0,4,1000,5,30,"128, 64",softmax,10
1937,10,5,10,0.001,1.0,1.0,4,1000,5,30,"128, 64",tanh,10
2557,10,5,10,0.001,1.0,1.0,4,1000,5,30,"128, 64, 64",tanh,10
2663,10,5,10,0.001,1.0,1.0,4,1000,5,30,"128, 64, 64",swish,10
2823,10,5,10,0.001,1.0,1.0,4,1000,10,10,"128, 64",tanh,10
697,10,5,10,0.001,1.0,1.0,4,1000,5,10,"128, 64, 64",sigmoid,10
257,10,5,10,0.001,1.0,1.0,4,1000,5,10,"128, 64",swish,10
1989,10,5,10,0.001,1.0,1.0,4,1000,5,30,"128, 64",softmax,10
863,10,5,10,0.001,1.0,1.0,4,1000,5,10,"128, 64, 64",swish,10
1751,10,5,10,0.001,1.0,1.0,4,1000,5,20,"128, 64, 64",swish,10
2875,10,5,10,0.001,1.0,1.0,4,1000,10,10,"128, 64",tanh,10
2683,10,5,10,0.001,1.0,1.0,4,1000,5,30,"128, 64, 64",swish,10
2885,10,5,10,0.001,1.0,1.0,4,1000,10,10,"128, 64",softmax,10
683,10,5,10,0.001,1.0,1.0,4,1000,5,10,"128, 64, 64",sigmoid,10
2009,10,5,10,0.001,1.0,1.0,4,1000,5,30,"128, 64",softmax,10
2993,10,5,10,0.001,1.0,1.0,4,1000,10,10,"128, 64",swish,10
185,10,5,10,0.001,1.0,1.0,4,1000,5,10,"128, 64",softmax,10
2601,10,5,10,0.001,1.0,1.0,4,1000,5,30,"128, 64, 64",softmax,10
1189,10,5,10,0.001,1.0,1.0,4,1000,5,20,"128, 64",swish,10
1961,10,5,10,0.001,1.0,1.0,4,1000,5,30,"128, 64",tanh,10
1627,10,5,10,0.001,1.0,1.0,4,1000,5,20,"128, 64, 64",tanh,10
811,10,5,10,0.001,1.0,1.0,4,1000,5,10,"128, 64, 64",softmax,10
899,10,5,10,0.001,1.0,1.0,4,1000,5,10,"128, 64, 64",swish,10
2073,10,5,10,0.001,1.0,1.0,4,1000,5,30,"128, 64",swish,10
1633,10,5,10,0.001,1.0,1.0,4,1000,5,20,"128, 64, 64",tanh,10
2469,10,5,10,0.001,1.0,1.0,4,1000,5,30,"128, 64, 64",sigmoid,10
155,10,5,10,0.001,1.0,1.0,4,1000,5,10,"128, 64",tanh,10
1643,10,5,10,0.001,1.0,1.0,4,1000,5,20,"128, 64, 64",tanh,10
613,10,5,10,0.001,1.0,1.0,4,1000,5,10,"128, 64, 64",relu,10
859,10,5,10,0.001,1.0,1.0,4,1000,5,10,"128, 64, 64",swish,10
2005,10,5,10,0.001,1.0,1.0,4,1000,5,30,"128, 64",softmax,10
1163,10,5,10,0.001,1.0,1.0,4,1000,5,20,"128, 64",swish,10
1153,10,5,10,0.001,1.0,1.0,4,1000,5,20,"128, 64",swish,10
763,10,5,10,0.001,1.0,1.0,4,1000,5,10,"128, 64, 64",tanh,10
2719,10,5,10,0.001,1.0,1.0,4,1000,10,10,"128, 64",relu,10
623,10,5,10,0.001,1.0,1.0,4,1000,5,10,"128, 64, 64",relu,10
279,10,5,10,0.001,1.0,1.0,4,1000,5,10,"128, 64",swish,10
211,10,5,10,0.001,1.0,1.0,4,1000,5,10,"128, 64",softmax,10
753,10,5,10,0.001,1.0,1.0,4,1000,5,10,"128, 64, 64",tanh,10
2859,10,5,10,0.001,1.0,1.0,4,1000,10,10,"128, 64",tanh,10
2061,10,5,10,0.001,1.0,1.0,4,1000,5,30,"128, 64",swish,10
1963,10,5,10,0.001,1.0,1.0,4,1000,5,30,"128, 64",tanh,10
651,10,5,10,0.001,1.0,1.0,4,1000,5,10,"128, 64, 64",relu,10
1951,10,5,10,0.001,1.0,1.0,4,1000,5,30,"128, 64",tanh,10
2579,10,5,10,0.001,1.0,1.0,4,1000,5,30,"128, 64, 64",tanh,10
135,10,5,10,0.001,1.0,1.0,4,1000,5,10,"128, 64",tanh,10
2855,10,5,10,0.001,1.0,1.0,4,1000,10,10,"128, 64",tanh,10
167,10,5,10,0.001,1.0,1.0,4,1000,5,10,"128, 64",tanh,10
1653,10,5,10,0.001,1.0,1.0,4,1000,5,20,"128, 64, 64",tanh,10
2715,10,5,10,0.001,1.0,1.0,4,1000,10,10,"128, 64",relu,10
1037,10,5,10,0.001,1.0,1.0,4,1000,5,20,"128, 64",tanh,10
1107,10,5,10,0.001,1.0,1.0,4,1000,5,20,"128, 64",softmax,10
33,10,5,10,0.001,1.0,1.0,4,1000,5,10,"128, 64",relu,10
2959,10,5,10,0.001,1.0,1.0,4,1000,10,10,"128, 64",swish,10
259,10,5,10,0.001,1.0,1.0,4,1000,5,10,"128, 64",swish,10
999,10,5,10,0.001,1.0,1.0,4,1000,5,20,"128, 64",sigmoid,10
1039,10,5,10,0.001,1.0,1.0,4,1000,5,20,"128, 64",tanh,10
2991,10,5,10,0.001,1.0,1.0,4,1000,10,10,"128, 64",swish,10
757,10,5,10,0.001,1.0,1.0,4,1000,5,10,"128, 64, 64",tanh,10
1877,10,5,10,0.001,1.0,1.0,4,1000,5,30,"128, 64",sigmoid,10
2933,10,5,10,0.001,1.0,1.0,4,1000,10,10,"128, 64",softmax,10
1541,10,5,10,0.001,1.0,1.0,4,1000,5,20,"128, 64, 64",relu,10
2533,10,5,10,0.001,1.0,1.0,4,1000,5,30,"128, 64, 64",tanh,10
103,10,5,10,0.001,1.0,1.0,4,1000,5,10,"128, 64",sigmoid,10
1105,10,5,10,0.001,1.0,1.0,4,1000,5,20,"128, 64",softmax,10
1979,10,5,10,0.001,1.0,1.0,4,1000,5,30,"128, 64",tanh,10
1001,10,5,10,0.001,1.0,1.0,4,1000,5,20,"128, 64",sigmoid,10
2967,10,5,10,0.001,1.0,1.0,4,1000,10,10,"128, 64",swish,10
2075,10,5,10,0.001,1.0,1.0,4,1000,5,30,"128, 64",swish,10
2393,10,5,10,0.001,1.0,1.0,4,1000,5,30,128,swish,10
3199,10,5,10,0.001,1.0,1.0,4,1000,10,10,128,softmax,10
2015,10,5,10,0.001,1.0,1.0,4,1000,5,30,"128, 64",softmax,10
2989,10,5,10,0.001,1.0,1.0,4,1000,10,10,"128, 64",swish,10
1179,10,5,10,0.001,1.0,1.0,4,1000,5,20,"128, 64",swish,10
2337,10,5,10,0.001,1.0,1.0,4,1000,5,30,128,softmax,10
1527,10,5,10,0.001,1.0,1.0,4,1000,5,20,"128, 64, 64",relu,10
2843,10,5,10,0.001,1.0,1.0,4,1000,10,10,"128, 64",tanh,10
2937,10,5,10,0.001,1.0,1.0,4,1000,10,10,"128, 64",softmax,10
777,10,5,10,0.001,1.0,1.0,4,1000,5,10,"128, 64, 64",tanh,10
2861,10,5,10,0.001,1.0,1.0,4,1000,10,10,"128, 64",tanh,10
1635,10,5,10,0.001,1.0,1.0,4,1000,5,20,"128, 64, 64",tanh,10
161,10,5,10,0.001,1.0,1.0,4,1000,5,10,"128, 64",tanh,10
2483,10,5,10,0.001,1.0,1.0,4,1000,5,30,"128, 64, 64",sigmoid,10
1601,10,5,10,0.001,1.0,1.0,4,1000,5,20,"128, 64, 64",sigmoid,10
1057,10,5,10,0.001,1.0,1.0,4,1000,5,20,"128, 64",tanh,10
1375,10,5,10,0.001,1.0,1.0,4,1000,5,20,128,tanh,10
2981,10,5,10,0.001,1.0,1.0,4,1000,10,10,"128, 64",swish,10
649,10,5,10,0.001,1.0,1.0,4,1000,5,10,"128, 64, 64",relu,10
2907,10,5,10,0.001,1.0,1.0,4,1000,10,10,"128, 64",softmax,10
2013,10,5,10,0.001,1.0,1.0,4,1000,5,30,"128, 64",softmax,10
1781,10,5,10,0.001,1.0,1.0,4,1000,5,20,"128, 64, 64",swish,10
2481,10,5,10,0.001,1.0,1.0,4,1000,5,30,"128, 64, 64",sigmoid,10
1777,10,5,10,0.001,1.0,1.0,4,1000,5,20,"128, 64, 64",swish,10
2873,10,5,10,0.001,1.0,1.0,4,1000,10,10,"128, 64",tanh,10
2055,10,5,10,0.001,1.0,1.0,4,1000,5,30,"128, 64",swish,10
615,10,5,10,0.001,1.0,1.0,4,1000,5,10,"128, 64, 64",relu,10
1181,10,5,10,0.001,1.0,1.0,4,1000,5,20,"128, 64",swish,10
2565,10,5,10,0.001,1.0,1.0,4,1000,5,30,"128, 64, 64",tanh,10
1833,10,5,10,0.001,1.0,1.0,4,1000,5,30,"128, 64",relu,10
177,10,5,10,0.001,1.0,1.0,4,1000,5,10,"128, 64",tanh,10
931,10,5,10,0.001,1.0,1.0,4,1000,5,20,"128, 64",relu,10
779,10,5,10,0.001,1.0,1.0,4,1000,5,10,"128, 64, 64",tanh,10
1707,10,5,10,0.001,1.0,1.0,4,1000,5,20,"128, 64, 64",softmax,10
2877,10,5,10,0.001,1.0,1.0,4,1000,10,10,"128, 64",tanh,10
767,10,5,10,0.001,1.0,1.0,4,1000,5,10,"128, 64, 64",tanh,10
2717,10,5,10,0.001,1.0,1.0,4,1000,10,10,"128, 64",relu,10
2477,10,5,10,0.001,1.0,1.0,4,1000,5,30,"128, 64, 64",sigmoid,10
1157,10,5,10,0.001,1.0,1.0,4,1000,5,20,"128, 64",swish,10
897,10,5,10,0.001,1.0,1.0,4,1000,5,10,"128, 64, 64",swish,10
2173,10,5,10,0.001,1.0,1.0,4,1000,5,30,128,sigmoid,10
1759,10,5,10,0.001,1.0,1.0,4,1000,5,20,"128, 64, 64",swish,10
1737,10,5,10,0.001,1.0,1.0,4,1000,5,20,"128, 64, 64",softmax,10
1645,10,5,10,0.001,1.0,1.0,4,1000,5,20,"128, 64, 64",tanh,10
3093,10,5,10,0.001,1.0,1.0,4,1000,10,10,128,sigmoid,10
2653,10,5,10,0.001,1.0,1.0,4,1000,5,30,"128, 64, 64",swish,10
733,10,5,10,0.001,1.0,1.0,4,1000,5,10,"128, 64, 64",tanh,10
1939,10,5,10,0.001,1.0,1.0,4,1000,5,30,"128, 64",tanh,10
1765,10,5,10,0.001,1.0,1.0,4,1000,5,20,"128, 64, 64",swish,10
2563,10,5,10,0.001,1.0,1.0,4,1000,5,30,"128, 64, 64",tanh,10
2695,10,5,10,0.001,1.0,1.0,4,1000,5,30,"128, 64, 64",swish,10
445,10,5,10,0.001,1.0,1.0,4,1000,5,10,128,tanh,10
413,10,5,10,0.001,1.0,1.0,4,1000,5,10,128,sigmoid,10
2837,10,5,10,0.001,1.0,1.0,4,1000,10,10,"128, 64",tanh,10
1823,10,5,10,0.001,1.0,1.0,4,1000,5,30,"128, 64",relu,10
2095,10,5,10,0.001,1.0,1.0,4,1000,5,30,"128, 64",swish,10
2573,10,5,10,0.001,1.0,1.0,4,1000,5,30,"128, 64, 64",tanh,10
1757,10,5,10,0.001,1.0,1.0,4,1000,5,20,"128, 64, 64",swish,10
97,10,5,10,0.001,1.0,1.0,4,1000,5,10,"128, 64",sigmoid,10
2909,10,5,10,0.001,1.0,1.0,4,1000,10,10,"128, 64",softmax,10
35,10,5,10,0.001,1.0,1.0,4,1000,5,10,"128, 64",relu,10
2121,10,5,10,0.001,1.0,1.0,4,1000,5,30,128,relu,10
3113,10,5,10,0.001,1.0,1.0,4,1000,10,10,128,sigmoid,10
3053,10,5,10,0.001,1.0,1.0,4,1000,10,10,128,relu,10
2561,10,5,10,0.001,1.0,1.0,4,1000,5,30,"128, 64, 64",tanh,10
2869,10,5,10,0.001,1.0,1.0,4,1000,10,10,"128, 64",tanh,10
3091,10,5,10,0.001,1.0,1.0,4,1000,10,10,128,sigmoid,10
2503,10,5,10,0.001,1.0,1.0,4,1000,5,30,"128, 64, 64",sigmoid,10
1233,10,5,10,0.001,1.0,1.0,4,1000,5,20,128,relu,10
3235,10,5,10,0.001,1.0,1.0,4,1000,10,10,128,softmax,10
2365,10,5,10,0.001,1.0,1.0,4,1000,5,30,128,swish,10
353,10,5,10,0.001,1.0,1.0,4,1000,5,10,128,relu,10
645,10,5,10,0.001,1.0,1.0,4,1000,5,10,"128, 64, 64",relu,10
293,10,5,10,0.001,1.0,1.0,4,1000,5,10,"128, 64",swish,10
1943,10,5,10,0.001,1.0,1.0,4,1000,5,30,"128, 64",tanh,10
1407,10,5,10,0.001,1.0,1.0,4,1000,5,20,128,softmax,10
877,10,5,10,0.001,1.0,1.0,4,1000,5,10,"128, 64, 64",swish,10
2807,10,5,10,0.001,1.0,1.0,4,1000,10,10,"128, 64",sigmoid,10
2269,10,5,10,0.001,1.0,1.0,4,1000,5,30,128,tanh,10
2755,10,5,10,0.001,1.0,1.0,4,1000,10,10,"128, 64",relu,10
2217,10,5,10,0.001,1.0,1.0,4,1000,5,30,128,sigmoid,10
1469,10,5,10,0.001,1.0,1.0,4,1000,5,20,128,swish,10
1955,10,5,10,0.001,1.0,1.0,4,1000,5,30,"128, 64",tanh,10
893,10,5,10,0.001,1.0,1.0,4,1000,5,10,"128, 64, 64",swish,10
657,10,5,10,0.001,1.0,1.0,4,1000,5,10,"128, 64, 64",relu,10
1005,10,5,10,0.001,1.0,1.0,4,1000,5,20,"128, 64",sigmoid,10
1175,10,5,10,0.001,1.0,1.0,4,1000,5,20,"128, 64",swish,10
2375,10,5,10,0.001,1.0,1.0,4,1000,5,30,128,swish,10
1843,10,5,10,0.001,1.0,1.0,4,1000,5,30,"128, 64",relu,10
2929,10,5,10,0.001,1.0,1.0,4,1000,10,10,"128, 64",softmax,10
1155,10,5,10,0.001,1.0,1.0,4,1000,5,20,"128, 64",swish,10
2913,10,5,10,0.001,1.0,1.0,4,1000,10,10,"128, 64",softmax,10
3201,10,5,10,0.001,1.0,1.0,4,1000,10,10,128,softmax,10
1913,10,5,10,0.001,1.0,1.0,4,1000,5,30,"128, 64",sigmoid,10
1957,10,5,10,0.001,1.0,1.0,4,1000,5,30,"128, 64",tanh,10
1597,10,5,10,0.001,1.0,1.0,4,1000,5,20,"128, 64, 64",sigmoid,10
1973,10,5,10,0.001,1.0,1.0,4,1000,5,30,"128, 64",tanh,10
2551,10,5,10,0.001,1.0,1.0,4,1000,5,30,"128, 64, 64",tanh,10
1401,10,5,10,0.001,1.0,1.0,4,1000,5,20,128,softmax,10
1249,10,5,10,0.001,1.0,1.0,4,1000,5,20,128,relu,10
1935,10,5,10,0.001,1.0,1.0,4,1000,5,30,"128, 64",tanh,10
867,10,5,10,0.001,1.0,1.0,4,1000,5,10,"128, 64, 64",swish,10
2213,10,5,10,0.001,1.0,1.0,4,1000,5,30,128,sigmoid,10
1415,10,5,10,0.001,1.0,1.0,4,1000,5,20,128,softmax,10
2983,10,5,10,0.001,1.0,1.0,4,1000,10,10,"128, 64",swish,10
2537,10,5,10,0.001,1.0,1.0,4,1000,5,30,"128, 64, 64",tanh,10
2783,10,5,10,0.001,1.0,1.0,4,1000,10,10,"128, 64",sigmoid,10
2757,10,5,10,0.001,1.0,1.0,4,1000,10,10,"128, 64",relu,10
977,10,5,10,0.001,1.0,1.0,4,1000,5,20,"128, 64",sigmoid,10
1975,10,5,10,0.001,1.0,1.0,4,1000,5,30,"128, 64",tanh,10
73,10,5,10,0.001,1.0,1.0,4,1000,5,10,"128, 64",sigmoid,10
1533,10,5,10,0.001,1.0,1.0,4,1000,5,20,"128, 64, 64",relu,10
2297,10,5,10,0.001,1.0,1.0,4,1000,5,30,128,softmax,10
2539,10,5,10,0.001,1.0,1.0,4,1000,5,30,"128, 64, 64",tanh,10
1215,10,5,10,0.001,1.0,1.0,4,1000,5,20,128,relu,10
953,10,5,10,0.001,1.0,1.0,4,1000,5,20,"128, 64",relu,10
87,10,5,10,0.001,1.0,1.0,4,1000,5,10,"128, 64",sigmoid,10
1607,10,5,10,0.001,1.0,1.0,4,1000,5,20,"128, 64, 64",sigmoid,10
937,10,5,10,0.001,1.0,1.0,4,1000,5,20,"128, 64",relu,10
2487,10,5,10,0.001,1.0,1.0,4,1000,5,30,"128, 64, 64",sigmoid,10
707,10,5,10,0.001,1.0,1.0,4,1000,5,10,"128, 64, 64",sigmoid,10
2611,10,5,10,0.001,1.0,1.0,4,1000,5,30,"128, 64, 64",softmax,10
1009,10,5,10,0.001,1.0,1.0,4,1000,5,20,"128, 64",sigmoid,10
2817,10,5,10,0.001,1.0,1.0,4,1000,10,10,"128, 64",sigmoid,10
1709,10,5,10,0.001,1.0,1.0,4,1000,5,20,"128, 64, 64",softmax,10
2735,10,5,10,0.001,1.0,1.0,4,1000,10,10,"128, 64",relu,10
2809,10,5,10,0.001,1.0,1.0,4,1000,10,10,"128, 64",sigmoid,10
1893,10,5,10,0.001,1.0,1.0,4,1000,5,30,"128, 64",sigmoid,10
1609,10,5,10,0.001,1.0,1.0,4,1000,5,20,"128, 64, 64",sigmoid,10
1017,10,5,10,0.001,1.0,1.0,4,1000,5,20,"128, 64",sigmoid,10
715,10,5,10,0.001,1.0,1.0,4,1000,5,10,"128, 64, 64",sigmoid,10
2493,10,5,10,0.001,1.0,1.0,4,1000,5,30,"128, 64, 64",sigmoid,10
695,10,5,10,0.001,1.0,1.0,4,1000,5,10,"128, 64, 64",sigmoid,10
115,10,5,10,0.001,1.0,1.0,4,1000,5,10,"128, 64",sigmoid,10
689,10,5,10,0.001,1.0,1.0,4,1000,5,10,"128, 64, 64",sigmoid,10
1825,10,5,10,0.001,1.0,1.0,4,1000,5,30,"128, 64",relu,10
93,10,5,10,0.001,1.0,1.0,4,1000,5,10,"128, 64",sigmoid,10
1897,10,5,10,0.001,1.0,1.0,4,1000,5,30,"128, 64",sigmoid,10
1019,10,5,10,0.001,1.0,1.0,4,1000,5,20,"128, 64",sigmoid,10
1615,10,5,10,0.001,1.0,1.0,4,1000,5,20,"128, 64, 64",sigmoid,10
709,10,5,10,0.001,1.0,1.0,4,1000,5,10,"128, 64, 64",sigmoid,10
1137,10,5,10,0.001,1.0,1.0,4,1000,5,20,"128, 64",softmax,10
1589,10,5,10,0.001,1.0,1.0,4,1000,5,20,"128, 64, 64",sigmoid,10
983,10,5,10,0.001,1.0,1.0,4,1000,5,20,"128, 64",sigmoid,10
1587,10,5,10,0.001,1.0,1.0,4,1000,5,20,"128, 64, 64",sigmoid,10
1827,10,5,10,0.001,1.0,1.0,4,1000,5,30,"128, 64",relu,10
2911,10,5,10,0.001,1.0,1.0,4,1000,10,10,"128, 64",softmax,10
2801,10,5,10,0.001,1.0,1.0,4,1000,10,10,"128, 64",sigmoid,10
111,10,5,10,0.001,1.0,1.0,4,1000,5,10,"128, 64",sigmoid,10
2797,10,5,10,0.001,1.0,1.0,4,1000,10,10,"128, 64",sigmoid,10
2813,10,5,10,0.001,1.0,1.0,4,1000,10,10,"128, 64",sigmoid,10
1003,10,5,10,0.001,1.0,1.0,4,1000,5,20,"128, 64",sigmoid,10
2815,10,5,10,0.001,1.0,1.0,4,1000,10,10,"128, 64",sigmoid,10
1891,10,5,10,0.001,1.0,1.0,4,1000,5,30,"128, 64",sigmoid,10
681,10,5,10,0.001,1.0,1.0,4,1000,5,10,"128, 64, 64",sigmoid,10
1855,10,5,10,0.001,1.0,1.0,4,1000,5,30,"128, 64",relu,10
1611,10,5,10,0.001,1.0,1.0,4,1000,5,20,"128, 64, 64",sigmoid,10
685,10,5,10,0.001,1.0,1.0,4,1000,5,10,"128, 64, 64",sigmoid,10
1277,10,5,10,0.001,1.0,1.0,4,1000,5,20,128,sigmoid,10
701,10,5,10,0.001,1.0,1.0,4,1000,5,10,"128, 64, 64",sigmoid,10
1373,10,5,10,0.001,1.0,1.0,4,1000,5,20,128,tanh,10
1065,10,5,10,0.001,1.0,1.0,4,1000,5,20,"128, 64",tanh,10
557,10,5,10,0.001,1.0,1.0,4,1000,5,10,128,swish,10
2497,10,5,10,0.001,1.0,1.0,4,1000,5,30,"128, 64, 64",sigmoid,10
1593,10,5,10,0.001,1.0,1.0,4,1000,5,20,"128, 64, 64",sigmoid,10
283,10,5,10,0.001,1.0,1.0,4,1000,5,10,"128, 64",swish,10
955,10,5,10,0.001,1.0,1.0,4,1000,5,20,"128, 64",relu,10
1305,10,5,10,0.001,1.0,1.0,4,1000,5,20,128,sigmoid,10
2499,10,5,10,0.001,1.0,1.0,4,1000,5,30,"128, 64, 64",sigmoid,10
2749,10,5,10,0.001,1.0,1.0,4,1000,10,10,"128, 64",relu,10
2863,10,5,10,0.001,1.0,1.0,4,1000,10,10,"128, 64",tanh,10
2087,10,5,10,0.001,1.0,1.0,4,1000,5,30,"128, 64",swish,10
2305,10,5,10,0.001,1.0,1.0,4,1000,5,30,128,softmax,10
1549,10,5,10,0.001,1.0,1.0,4,1000,5,20,"128, 64, 64",relu,10
497,10,5,10,0.001,1.0,1.0,4,1000,5,10,128,softmax,10
3119,10,5,10,0.001,1.0,1.0,4,1000,10,10,128,sigmoid,10
1603,10,5,10,0.001,1.0,1.0,4,1000,5,20,"128, 64, 64",sigmoid,10
921,10,5,10,0.001,1.0,1.0,4,1000,5,20,"128, 64",relu,10
3051,10,5,10,0.001,1.0,1.0,4,1000,10,10,128,relu,10
2445,10,5,10,0.001,1.0,1.0,4,1000,5,30,"128, 64, 64",relu,10
107,10,5,10,0.001,1.0,1.0,4,1000,5,10,"128, 64",sigmoid,10
3095,10,5,10,0.001,1.0,1.0,4,1000,10,10,128,sigmoid,10
2743,10,5,10,0.001,1.0,1.0,4,1000,10,10,"128, 64",relu,10
1011,10,5,10,0.001,1.0,1.0,4,1000,5,20,"128, 64",sigmoid,10
29,10,5,10,0.001,1.0,1.0,4,1000,5,10,"128, 64",relu,10
2135,10,5,10,0.001,1.0,1.0,4,1000,5,30,128,relu,10
39,10,5,10,0.001,1.0,1.0,4,1000,5,10,"128, 64",relu,10
2241,10,5,10,0.001,1.0,1.0,4,1000,5,30,128,tanh,10
755,10,5,10,0.001,1.0,1.0,4,1000,5,10,"128, 64, 64",tanh,10
713,10,5,10,0.001,1.0,1.0,4,1000,5,10,"128, 64, 64",sigmoid,10
1013,10,5,10,0.001,1.0,1.0,4,1000,5,20,"128, 64",sigmoid,10
3077,10,5,10,0.001,1.0,1.0,4,1000,10,10,128,sigmoid,10
1841,10,5,10,0.001,1.0,1.0,4,1000,5,30,"128, 64",relu,10
2485,10,5,10,0.001,1.0,1.0,4,1000,5,30,"128, 64, 64",sigmoid,10
1367,10,5,10,0.001,1.0,1.0,4,1000,5,20,128,tanh,10
2681,10,5,10,0.001,1.0,1.0,4,1000,5,30,"128, 64, 64",swish,10
2387,10,5,10,0.001,1.0,1.0,4,1000,5,30,128,swish,10
997,10,5,10,0.001,1.0,1.0,4,1000,5,20,"128, 64",sigmoid,10
215,10,5,10,0.001,1.0,1.0,4,1000,5,10,"128, 64",softmax,10
1849,10,5,10,0.001,1.0,1.0,4,1000,5,30,"128, 64",relu,10
277,10,5,10,0.001,1.0,1.0,4,1000,5,10,"128, 64",swish,10
157,10,5,10,0.001,1.0,1.0,4,1000,5,10,"128, 64",tanh,10
3081,10,5,10,0.001,1.0,1.0,4,1000,10,10,128,sigmoid,10
2235,10,5,10,0.001,1.0,1.0,4,1000,5,30,128,tanh,10
659,10,5,10,0.001,1.0,1.0,4,1000,5,10,"128, 64, 64",relu,10
3017,10,5,10,0.001,1.0,1.0,4,1000,10,10,128,relu,10
105,10,5,10,0.001,1.0,1.0,4,1000,5,10,"128, 64",sigmoid,10
1033,10,5,10,0.001,1.0,1.0,4,1000,5,20,"128, 64",tanh,10
3197,10,5,10,0.001,1.0,1.0,4,1000,10,10,128,softmax,10
263,10,5,10,0.001,1.0,1.0,4,1000,5,10,"128, 64",swish,10
1197,10,5,10,0.001,1.0,1.0,4,1000,5,20,"128, 64",swish,10
2777,10,5,10,0.001,1.0,1.0,4,1000,10,10,"128, 64",sigmoid,10
2211,10,5,10,0.001,1.0,1.0,4,1000,5,30,128,sigmoid,10
205,10,5,10,0.001,1.0,1.0,4,1000,5,10,"128, 64",softmax,10
935,10,5,10,0.001,1.0,1.0,4,1000,5,20,"128, 64",relu,10
377,10,5,10,0.001,1.0,1.0,4,1000,5,10,128,sigmoid,10
2745,10,5,10,0.001,1.0,1.0,4,1000,10,10,"128, 64",relu,10
1523,10,5,10,0.001,1.0,1.0,4,1000,5,20,"128, 64, 64",relu,10
295,10,5,10,0.001,1.0,1.0,4,1000,5,10,"128, 64",swish,10
1439,10,5,10,0.001,1.0,1.0,4,1000,5,20,128,softmax,10
3021,10,5,10,0.001,1.0,1.0,4,1000,10,10,128,relu,10
2033,10,5,10,0.001,1.0,1.0,4,1000,5,30,"128, 64",softmax,10
2605,10,5,10,0.001,1.0,1.0,4,1000,5,30,"128, 64, 64",softmax,10
1851,10,5,10,0.001,1.0,1.0,4,1000,5,30,"128, 64",relu,10
2029,10,5,10,0.001,1.0,1.0,4,1000,5,30,"128, 64",softmax,10
2473,10,5,10,0.001,1.0,1.0,4,1000,5,30,"128, 64, 64",sigmoid,10
1113,10,5,10,0.001,1.0,1.0,4,1000,5,20,"128, 64",softmax,10
617,10,5,10,0.001,1.0,1.0,4,1000,5,10,"128, 64, 64",relu,10
639,10,5,10,0.001,1.0,1.0,4,1000,5,10,"128, 64, 64",relu,10
2747,10,5,10,0.001,1.0,1.0,4,1000,10,10,"128, 64",relu,10
57,10,5,10,0.001,1.0,1.0,4,1000,5,10,"128, 64",relu,10
1427,10,5,10,0.001,1.0,1.0,4,1000,5,20,128,softmax,10
2261,10,5,10,0.001,1.0,1.0,4,1000,5,30,128,tanh,10
1473,10,5,10,0.001,1.0,1.0,4,1000,5,20,128,swish,10
1457,10,5,10,0.001,1.0,1.0,4,1000,5,20,128,swish,10
1547,10,5,10,0.001,1.0,1.0,4,1000,5,20,"128, 64, 64",relu,10
27,10,5,10,0.001,1.0,1.0,4,1000,5,10,"128, 64",relu,10
2429,10,5,10,0.001,1.0,1.0,4,1000,5,30,"128, 64, 64",relu,10
2299,10,5,10,0.001,1.0,1.0,4,1000,5,30,128,softmax,10
1235,10,5,10,0.001,1.0,1.0,4,1000,5,20,128,relu,10
1317,10,5,10,0.001,1.0,1.0,4,1000,5,20,128,sigmoid,10
1299,10,5,10,0.001,1.0,1.0,4,1000,5,20,128,sigmoid,10
1165,10,5,10,0.001,1.0,1.0,4,1000,5,20,"128, 64",swish,10
15,10,5,10,0.001,1.0,1.0,4,1000,5,10,"128, 64",relu,10
2635,10,5,10,0.001,1.0,1.0,4,1000,5,30,"128, 64, 64",softmax,10
393,10,5,10,0.001,1.0,1.0,4,1000,5,10,128,sigmoid,10
2179,10,5,10,0.001,1.0,1.0,4,1000,5,30,128,sigmoid,10
2721,10,5,10,0.001,1.0,1.0,4,1000,10,10,"128, 64",relu,10
25,10,5,10,0.001,1.0,1.0,4,1000,5,10,"128, 64",relu,10
2457,10,5,10,0.001,1.0,1.0,4,1000,5,30,"128, 64, 64",relu,10
1845,10,5,10,0.001,1.0,1.0,4,1000,5,30,"128, 64",relu,10
1491,10,5,10,0.001,1.0,1.0,4,1000,5,20,128,swish,10
1977,10,5,10,0.001,1.0,1.0,4,1000,5,30,"128, 64",tanh,10
1835,10,5,10,0.001,1.0,1.0,4,1000,5,30,"128, 64",relu,10
2317,10,5,10,0.001,1.0,1.0,4,1000,5,30,128,softmax,10
471,10,5,10,0.001,1.0,1.0,4,1000,5,10,128,tanh,10
1341,10,5,10,0.001,1.0,1.0,4,1000,5,20,128,tanh,10
1649,10,5,10,0.001,1.0,1.0,4,1000,5,20,"128, 64, 64",tanh,10
587,10,5,10,0.001,1.0,1.0,4,1000,5,10,128,swish,10
1479,10,5,10,0.001,1.0,1.0,4,1000,5,20,128,swish,10
1637,10,5,10,0.001,1.0,1.0,4,1000,5,20,"128, 64, 64",tanh,10
337,10,5,10,0.001,1.0,1.0,4,1000,5,10,128,relu,10
943,10,5,10,0.001,1.0,1.0,4,1000,5,20,"128, 64",relu,10
887,10,5,10,0.001,1.0,1.0,4,1000,5,10,"128, 64, 64",swish,10
1183,10,5,10,0.001,1.0,1.0,4,1000,5,20,"128, 64",swish,10
2677,10,5,10,0.001,1.0,1.0,4,1000,5,30,"128, 64, 64",swish,10
1377,10,5,10,0.001,1.0,1.0,4,1000,5,20,128,tanh,10
1225,10,5,10,0.001,1.0,1.0,4,1000,5,20,128,relu,10
1423,10,5,10,0.001,1.0,1.0,4,1000,5,20,128,softmax,10
2685,10,5,10,0.001,1.0,1.0,4,1000,5,30,"128, 64, 64",swish,10
439,10,5,10,0.001,1.0,1.0,4,1000,5,10,128,tanh,10
1337,10,5,10,0.001,1.0,1.0,4,1000,5,20,128,tanh,10
1331,10,5,10,0.001,1.0,1.0,4,1000,5,20,128,tanh,10
2125,10,5,10,0.001,1.0,1.0,4,1000,5,30,128,relu,10
865,10,5,10,0.001,1.0,1.0,4,1000,5,10,"128, 64, 64",swish,10
1193,10,5,10,0.001,1.0,1.0,4,1000,5,20,"128, 64",swish,10
333,10,5,10,0.001,1.0,1.0,4,1000,5,10,128,relu,10
3123,10,5,10,0.001,1.0,1.0,4,1000,10,10,128,tanh,10
3023,10,5,10,0.001,1.0,1.0,4,1000,10,10,128,relu,10
1203,10,5,10,0.001,1.0,1.0,4,1000,5,20,128,relu,10
2119,10,5,10,0.001,1.0,1.0,4,1000,5,30,128,relu,10
1477,10,5,10,0.001,1.0,1.0,4,1000,5,20,128,swish,10
561,10,5,10,0.001,1.0,1.0,4,1000,5,10,128,swish,10
807,10,5,10,0.001,1.0,1.0,4,1000,5,10,"128, 64, 64",softmax,10
2237,10,5,10,0.001,1.0,1.0,4,1000,5,30,128,tanh,10
1395,10,5,10,0.001,1.0,1.0,4,1000,5,20,128,softmax,10
2093,10,5,10,0.001,1.0,1.0,4,1000,5,30,"128, 64",swish,10
1947,10,5,10,0.001,1.0,1.0,4,1000,5,30,"128, 64",tanh,10
1211,10,5,10,0.001,1.0,1.0,4,1000,5,20,128,relu,10
3237,10,5,10,0.001,1.0,1.0,4,1000,10,10,128,softmax,10
2787,10,5,10,0.001,1.0,1.0,4,1000,10,10,"128, 64",sigmoid,10
2415,10,5,10,0.001,1.0,1.0,4,1000,5,30,"128, 64, 64",relu,10
319,10,5,10,0.001,1.0,1.0,4,1000,5,10,128,relu,10
305,10,5,10,0.001,1.0,1.0,4,1000,5,10,128,relu,10
979,10,5,10,0.001,1.0,1.0,4,1000,5,20,"128, 64",sigmoid,10
3203,10,5,10,0.001,1.0,1.0,4,1000,10,10,128,softmax,10
1873,10,5,10,0.001,1.0,1.0,4,1000,5,30,"128, 64",sigmoid,10
1443,10,5,10,0.001,1.0,1.0,4,1000,5,20,128,swish,10
853,10,5,10,0.001,1.0,1.0,4,1000,5,10,"128, 64, 64",swish,10
3003,10,5,10,0.001,1.0,1.0,4,1000,10,10,128,relu,10
1363,10,5,10,0.001,1.0,1.0,4,1000,5,20,128,tanh,10
529,10,5,10,0.001,1.0,1.0,4,1000,5,10,128,softmax,10
593,10,5,10,0.001,1.0,1.0,4,1000,5,10,128,swish,10
309,10,5,10,0.001,1.0,1.0,4,1000,5,10,128,relu,10
3219,10,5,10,0.001,1.0,1.0,4,1000,10,10,128,softmax,10
2287,10,5,10,0.001,1.0,1.0,4,1000,5,30,128,softmax,10
2713,10,5,10,0.001,1.0,1.0,4,1000,10,10,"128, 64",relu,10
2103,10,5,10,0.001,1.0,1.0,4,1000,5,30,128,relu,10
3169,10,5,10,0.001,1.0,1.0,4,1000,10,10,128,tanh,10
2333,10,5,10,0.001,1.0,1.0,4,1000,5,30,128,softmax,10
551,10,5,10,0.001,1.0,1.0,4,1000,5,10,128,swish,10
1075,10,5,10,0.001,1.0,1.0,4,1000,5,20,"128, 64",tanh,10
2289,10,5,10,0.001,1.0,1.0,4,1000,5,30,128,softmax,10
2229,10,5,10,0.001,1.0,1.0,4,1000,5,30,128,tanh,10
879,10,5,10,0.001,1.0,1.0,4,1000,5,10,"128, 64, 64",swish,10
1325,10,5,10,0.001,1.0,1.0,4,1000,5,20,128,tanh,10
1907,10,5,10,0.001,1.0,1.0,4,1000,5,30,"128, 64",sigmoid,10
369,10,5,10,0.001,1.0,1.0,4,1000,5,10,128,sigmoid,10
563,10,5,10,0.001,1.0,1.0,4,1000,5,10,128,swish,10
2351,10,5,10,0.001,1.0,1.0,4,1000,5,30,128,swish,10
1383,10,5,10,0.001,1.0,1.0,4,1000,5,20,128,softmax,10
2559,10,5,10,0.001,1.0,1.0,4,1000,5,30,"128, 64, 64",tanh,10
437,10,5,10,0.001,1.0,1.0,4,1000,5,10,128,tanh,10
549,10,5,10,0.001,1.0,1.0,4,1000,5,10,128,swish,10
1513,10,5,10,0.001,1.0,1.0,4,1000,5,20,"128, 64, 64",relu,10
2343,10,5,10,0.001,1.0,1.0,4,1000,5,30,128,swish,10
3063,10,5,10,0.001,1.0,1.0,4,1000,10,10,128,sigmoid,10
1385,10,5,10,0.001,1.0,1.0,4,1000,5,20,128,softmax,10
547,10,5,10,0.001,1.0,1.0,4,1000,5,10,128,swish,10
487,10,5,10,0.001,1.0,1.0,4,1000,5,10,128,softmax,10
2325,10,5,10,0.001,1.0,1.0,4,1000,5,30,128,softmax,10
1271,10,5,10,0.001,1.0,1.0,4,1000,5,20,128,sigmoid,10
3191,10,5,10,0.001,1.0,1.0,4,1000,10,10,128,softmax,10
423,10,5,10,0.001,1.0,1.0,4,1000,5,10,128,tanh,10
2169,10,5,10,0.001,1.0,1.0,4,1000,5,30,128,sigmoid,10
3037,10,5,10,0.001,1.0,1.0,4,1000,10,10,128,relu,10
509,10,5,10,0.001,1.0,1.0,4,1000,5,10,128,softmax,10
1255,10,5,10,0.001,1.0,1.0,4,1000,5,20,128,relu,10
3251,10,5,10,0.001,1.0,1.0,4,1000,10,10,128,swish,10
1451,10,5,10,0.001,1.0,1.0,4,1000,5,20,128,swish,10
2249,10,5,10,0.001,1.0,1.0,4,1000,5,30,128,tanh,10
489,10,5,10,0.001,1.0,1.0,4,1000,5,10,128,softmax,10
2183,10,5,10,0.001,1.0,1.0,4,1000,5,30,128,sigmoid,10
3149,10,5,10,0.001,1.0,1.0,4,1000,10,10,128,tanh,10
2341,10,5,10,0.001,1.0,1.0,4,1000,5,30,128,swish,10
3143,10,5,10,0.001,1.0,1.0,4,1000,10,10,128,tanh,10
301,10,5,10,0.001,1.0,1.0,4,1000,5,10,128,relu,10
431,10,5,10,0.001,1.0,1.0,4,1000,5,10,128,tanh,10
927,10,5,10,0.001,1.0,1.0,4,1000,5,20,"128, 64",relu,10
2101,10,5,10,0.001,1.0,1.0,4,1000,5,30,128,relu,10
2107,10,5,10,0.001,1.0,1.0,4,1000,5,30,128,relu,10
3061,10,5,10,0.001,1.0,1.0,4,1000,10,10,128,sigmoid,10
3241,10,5,10,0.001,1.0,1.0,4,1000,10,10,128,swish,10
2291,10,5,10,0.001,1.0,1.0,4,1000,5,30,128,softmax,10
323,10,5,10,0.001,1.0,1.0,4,1000,5,10,128,relu,10
3007,10,5,10,0.001,1.0,1.0,4,1000,10,10,128,relu,10
1329,10,5,10,0.001,1.0,1.0,4,1000,5,20,128,tanh,10
507,10,5,10,0.001,1.0,1.0,4,1000,5,10,128,softmax,10
2283,10,5,10,0.001,1.0,1.0,4,1000,5,30,128,softmax,10
1359,10,5,10,0.001,1.0,1.0,4,1000,5,20,128,tanh,10
421,10,5,10,0.001,1.0,1.0,4,1000,5,10,128,tanh,10
477,10,5,10,0.001,1.0,1.0,4,1000,5,10,128,tanh,10
3245,10,5,10,0.001,1.0,1.0,4,1000,10,10,128,swish,10
2171,10,5,10,0.001,1.0,1.0,4,1000,5,30,128,sigmoid,10
2109,10,5,10,0.001,1.0,1.0,4,1000,5,30,128,relu,10
3011,10,5,10,0.001,1.0,1.0,4,1000,10,10,128,relu,10
3065,10,5,10,0.001,1.0,1.0,4,1000,10,10,128,sigmoid,10
1327,10,5,10,0.001,1.0,1.0,4,1000,5,20,128,tanh,10
2239,10,5,10,0.001,1.0,1.0,4,1000,5,30,128,tanh,10
2225,10,5,10,0.001,1.0,1.0,4,1000,5,30,128,tanh,10
3131,10,5,10,0.001,1.0,1.0,4,1000,10,10,128,tanh,10
2167,10,5,10,0.001,1.0,1.0,4,1000,5,30,128,sigmoid,10
2879,10,5,10,0.001,1.0,1.0,4,1000,10,10,"128, 64",tanh,10
427,10,5,10,0.001,1.0,1.0,4,1000,5,10,128,tanh,10
367,10,5,10,0.001,1.0,1.0,4,1000,5,10,128,sigmoid,10
361,10,5,10,0.001,1.0,1.0,4,1000,5,10,128,sigmoid,10
1261,10,5,10,0.001,1.0,1.0,4,1000,5,20,128,sigmoid,10
2165,10,5,10,0.001,1.0,1.0,4,1000,5,30,128,sigmoid,10
1207,10,5,10,0.001,1.0,1.0,4,1000,5,20,128,relu,10
365,10,5,10,0.001,1.0,1.0,4,1000,5,10,128,sigmoid,10
1201,10,5,10,0.001,1.0,1.0,4,1000,5,20,128,relu,10
485,10,5,10,0.001,1.0,1.0,4,1000,5,10,128,softmax,10
1391,10,5,10,0.001,1.0,1.0,4,1000,5,20,128,softmax,10
2231,10,5,10,0.001,1.0,1.0,4,1000,5,30,128,tanh,10
2349,10,5,10,0.001,1.0,1.0,4,1000,5,30,128,swish,10
3257,10,5,10,0.001,1.0,1.0,4,1000,10,10,128,swish,10
1323,10,5,10,0.001,1.0,1.0,4,1000,5,20,128,tanh,10
2163,10,5,10,0.001,1.0,1.0,4,1000,5,30,128,sigmoid,10
3181,10,5,10,0.001,1.0,1.0,4,1000,10,10,128,softmax,10
3069,10,5,10,0.001,1.0,1.0,4,1000,10,10,128,sigmoid,10
1209,10,5,10,0.001,1.0,1.0,4,1000,5,20,128,relu,10
2347,10,5,10,0.001,1.0,1.0,4,1000,5,30,128,swish,10
3129,10,5,10,0.001,1.0,1.0,4,1000,10,10,128,tanh,10
2223,10,5,10,0.001,1.0,1.0,4,1000,5,30,128,tanh,10
2285,10,5,10,0.001,1.0,1.0,4,1000,5,30,128,softmax,10
1381,10,5,10,0.001,1.0,1.0,4,1000,5,20,128,softmax,10
2281,10,5,10,0.001,1.0,1.0,4,1000,5,30,128,softmax,10
2111,10,5,10,0.001,1.0,1.0,4,1000,5,30,128,relu,10
3125,10,5,10,0.001,1.0,1.0,4,1000,10,10,128,tanh,10
2451,10,5,10,0.001,1.0,1.0,4,1000,5,30,"128, 64, 64",relu,10
2295,10,5,10,0.001,1.0,1.0,4,1000,5,30,128,softmax,10
2105,10,5,10,0.001,1.0,1.0,4,1000,5,30,128,relu,10
3071,10,5,10,0.001,1.0,1.0,4,1000,10,10,128,sigmoid,10
481,10,5,10,0.001,1.0,1.0,4,1000,5,10,128,softmax,10
3183,10,5,10,0.001,1.0,1.0,4,1000,10,10,128,softmax,10
1263,10,5,10,0.001,1.0,1.0,4,1000,5,20,128,sigmoid,10
2345,10,5,10,0.001,1.0,1.0,4,1000,5,30,128,swish,10
363,10,5,10,0.001,1.0,1.0,4,1000,5,10,128,sigmoid,10
535,10,5,10,0.001,1.0,1.0,4,1000,5,10,128,softmax,10
1267,10,5,10,0.001,1.0,1.0,4,1000,5,20,128,sigmoid,10
1159,10,5,10,0.001,1.0,1.0,4,1000,5,20,"128, 64",swish,10
3009,10,5,10,0.001,1.0,1.0,4,1000,10,10,128,relu,10
541,10,5,10,0.001,1.0,1.0,4,1000,5,10,128,swish,10
1389,10,5,10,0.001,1.0,1.0,4,1000,5,20,128,softmax,10
2185,10,5,10,0.001,1.0,1.0,4,1000,5,30,128,sigmoid,10
2221,10,5,10,0.001,1.0,1.0,4,1000,5,30,128,tanh,10
1771,10,5,10,0.001,1.0,1.0,4,1000,5,20,"128, 64, 64",swish,10
459,10,5,10,0.001,1.0,1.0,4,1000,5,10,128,tanh,10
3121,10,5,10,0.001,1.0,1.0,4,1000,10,10,128,tanh,10
1445,10,5,10,0.001,1.0,1.0,4,1000,5,20,128,swish,10
1471,10,5,10,0.001,1.0,1.0,4,1000,5,20,128,swish,10
3005,10,5,10,0.001,1.0,1.0,4,1000,10,10,128,relu,10
2227,10,5,10,0.001,1.0,1.0,4,1000,5,30,128,tanh,10
1321,10,5,10,0.001,1.0,1.0,4,1000,5,20,128,tanh,10
591,10,5,10,0.001,1.0,1.0,4,1000,5,10,128,swish,10
3187,10,5,10,0.001,1.0,1.0,4,1000,10,10,128,softmax,10
307,10,5,10,0.001,1.0,1.0,4,1000,5,10,128,relu,10
3127,10,5,10,0.001,1.0,1.0,4,1000,10,10,128,tanh,10
491,10,5,10,0.001,1.0,1.0,4,1000,5,10,128,softmax,10
3185,10,5,10,0.001,1.0,1.0,4,1000,10,10,128,softmax,10
3243,10,5,10,0.001,1.0,1.0,4,1000,10,10,128,swish,10
1449,10,5,10,0.001,1.0,1.0,4,1000,5,20,128,swish,10
1239,10,5,10,0.001,1.0,1.0,4,1000,5,20,128,relu,10
1205,10,5,10,0.001,1.0,1.0,4,1000,5,20,128,relu,10
2161,10,5,10,0.001,1.0,1.0,4,1000,5,30,128,sigmoid,10
1447,10,5,10,0.001,1.0,1.0,4,1000,5,20,128,swish,10
1365,10,5,10,0.001,1.0,1.0,4,1000,5,20,128,tanh,10
3189,10,5,10,0.001,1.0,1.0,4,1000,10,10,128,softmax,10
2057,10,5,10,0.001,1.0,1.0,4,1000,5,30,"128, 64",swish,10
2201,10,5,10,0.001,1.0,1.0,4,1000,5,30,128,sigmoid,10
1213,10,5,10,0.001,1.0,1.0,4,1000,5,20,128,relu,10
1441,10,5,10,0.001,1.0,1.0,4,1000,5,20,128,swish,10
465,10,5,10,0.001,1.0,1.0,4,1000,5,10,128,tanh,10
1265,10,5,10,0.001,1.0,1.0,4,1000,5,20,128,sigmoid,10
429,10,5,10,0.001,1.0,1.0,4,1000,5,10,128,tanh,10
2191,10,5,10,0.001,1.0,1.0,4,1000,5,30,128,sigmoid,10
2113,10,5,10,0.001,1.0,1.0,4,1000,5,30,128,relu,10
1369,10,5,10,0.001,1.0,1.0,4,1000,5,20,128,tanh,10
543,10,5,10,0.001,1.0,1.0,4,1000,5,10,128,swish,10
3247,10,5,10,0.001,1.0,1.0,4,1000,10,10,128,swish,10
2059,10,5,10,0.001,1.0,1.0,4,1000,5,30,"128, 64",swish,10
3159,10,5,10,0.001,1.0,1.0,4,1000,10,10,128,tanh,10
425,10,5,10,0.001,1.0,1.0,4,1000,5,10,128,tanh,10
1269,10,5,10,0.001,1.0,1.0,4,1000,5,20,128,sigmoid,10
3001,10,5,10,0.001,1.0,1.0,4,1000,10,10,128,relu,10
2905,10,5,10,0.001,1.0,1.0,4,1000,10,10,"128, 64",softmax,10
311,10,5,10,0.001,1.0,1.0,4,1000,5,10,128,relu,10
3067,10,5,10,0.001,1.0,1.0,4,1000,10,10,128,sigmoid,10
1357,10,5,10,0.001,1.0,1.0,4,1000,5,20,128,tanh,10
3249,10,5,10,0.001,1.0,1.0,4,1000,10,10,128,swish,10
1041,10,5,10,0.001,1.0,1.0,4,1000,5,20,"128, 64",tanh,10
559,10,5,10,0.001,1.0,1.0,4,1000,5,10,128,swish,10
1387,10,5,10,0.001,1.0,1.0,4,1000,5,20,128,softmax,10
303,10,5,10,0.001,1.0,1.0,4,1000,5,10,128,relu,10
2197,10,5,10,0.001,1.0,1.0,4,1000,5,30,128,sigmoid,10
1053,10,5,10,0.001,1.0,1.0,4,1000,5,20,"128, 64",tanh,10
1421,10,5,10,0.001,1.0,1.0,4,1000,5,20,128,softmax,10
1583,10,5,10,0.001,1.0,1.0,4,1000,5,20,"128, 64, 64",sigmoid,10
23,10,5,10,0.001,1.0,1.0,4,1000,5,10,"128, 64",relu,10
1559,10,5,10,0.001,1.0,1.0,4,1000,5,20,"128, 64, 64",relu,10
1785,10,5,10,0.001,1.0,1.0,4,1000,5,20,"128, 64, 64",swish,10
545,10,5,10,0.001,1.0,1.0,4,1000,5,10,128,swish,10
3047,10,5,10,0.001,1.0,1.0,4,1000,10,10,128,relu,10
3015,10,5,10,0.001,1.0,1.0,4,1000,10,10,128,relu,10
371,10,5,10,0.001,1.0,1.0,4,1000,5,10,128,sigmoid,10
2267,10,5,10,0.001,1.0,1.0,4,1000,5,30,128,tanh,10
45,10,5,10,0.001,1.0,1.0,4,1000,5,10,"128, 64",relu,10
2331,10,5,10,0.001,1.0,1.0,4,1000,5,30,128,softmax,10
3153,10,5,10,0.001,1.0,1.0,4,1000,10,10,128,tanh,10
37,10,5,10,0.001,1.0,1.0,4,1000,5,10,"128, 64",relu,10
1275,10,5,10,0.001,1.0,1.0,4,1000,5,20,128,sigmoid,10
521,10,5,10,0.001,1.0,1.0,4,1000,5,10,128,softmax,10
1245,10,5,10,0.001,1.0,1.0,4,1000,5,20,128,relu,10
463,10,5,10,0.001,1.0,1.0,4,1000,5,10,128,tanh,10
1517,10,5,10,0.001,1.0,1.0,4,1000,5,20,"128, 64, 64",relu,10
2275,10,5,10,0.001,1.0,1.0,4,1000,5,30,128,tanh,10
2155,10,5,10,0.001,1.0,1.0,4,1000,5,30,128,relu,10
49,10,5,10,0.001,1.0,1.0,4,1000,5,10,"128, 64",relu,10
3217,10,5,10,0.001,1.0,1.0,4,1000,10,10,128,softmax,10
389,10,5,10,0.001,1.0,1.0,4,1000,5,10,128,sigmoid,10
399,10,5,10,0.001,1.0,1.0,4,1000,5,10,128,sigmoid,10
1403,10,5,10,0.001,1.0,1.0,4,1000,5,20,128,softmax,10
1333,10,5,10,0.001,1.0,1.0,4,1000,5,20,128,tanh,10
2203,10,5,10,0.001,1.0,1.0,4,1000,5,30,128,sigmoid,10
163,10,5,10,0.001,1.0,1.0,4,1000,5,10,"128, 64",tanh,10
2381,10,5,10,0.001,1.0,1.0,4,1000,5,30,128,swish,10
457,10,5,10,0.001,1.0,1.0,4,1000,5,10,128,tanh,10
857,10,5,10,0.001,1.0,1.0,4,1000,5,10,"128, 64, 64",swish,10
3171,10,5,10,0.001,1.0,1.0,4,1000,10,10,128,tanh,10
3157,10,5,10,0.001,1.0,1.0,4,1000,10,10,128,tanh,10
495,10,5,10,0.001,1.0,1.0,4,1000,5,10,128,softmax,10
1273,10,5,10,0.001,1.0,1.0,4,1000,5,20,128,sigmoid,10
2673,10,5,10,0.001,1.0,1.0,4,1000,5,30,"128, 64, 64",swish,10
933,10,5,10,0.001,1.0,1.0,4,1000,5,20,"128, 64",relu,10
1753,10,5,10,0.001,1.0,1.0,4,1000,5,20,"128, 64, 64",swish,10
483,10,5,10,0.001,1.0,1.0,4,1000,5,10,128,softmax,10
3101,10,5,10,0.001,1.0,1.0,4,1000,10,10,128,sigmoid,10
2357,10,5,10,0.001,1.0,1.0,4,1000,5,30,128,swish,10
2637,10,5,10,0.001,1.0,1.0,4,1000,5,30,"128, 64, 64",softmax,10
235,10,5,10,0.001,1.0,1.0,4,1000,5,10,"128, 64",softmax,10
2753,10,5,10,0.001,1.0,1.0,4,1000,10,10,"128, 64",relu,10
2243,10,5,10,0.001,1.0,1.0,4,1000,5,30,128,tanh,10
3259,10,5,10,0.001,1.0,1.0,4,1000,10,10,128,swish,10
1437,10,5,10,0.001,1.0,1.0,4,1000,5,20,128,softmax,10
1453,10,5,10,0.001,1.0,1.0,4,1000,5,20,128,swish,10
539,10,5,10,0.001,1.0,1.0,4,1000,5,10,128,softmax,10
1731,10,5,10,0.001,1.0,1.0,4,1000,5,20,"128, 64, 64",softmax,10
1311,10,5,10,0.001,1.0,1.0,4,1000,5,20,128,sigmoid,10
2311,10,5,10,0.001,1.0,1.0,4,1000,5,30,128,softmax,10
2157,10,5,10,0.001,1.0,1.0,4,1000,5,30,128,relu,10
3165,10,5,10,0.001,1.0,1.0,4,1000,10,10,128,tanh,10
2117,10,5,10,0.001,1.0,1.0,4,1000,5,30,128,relu,10
1247,10,5,10,0.001,1.0,1.0,4,1000,5,20,128,relu,10
585,10,5,10,0.001,1.0,1.0,4,1000,5,10,128,swish,10
1335,10,5,10,0.001,1.0,1.0,4,1000,5,20,128,tanh,10
1435,10,5,10,0.001,1.0,1.0,4,1000,5,20,128,softmax,10
407,10,5,10,0.001,1.0,1.0,4,1000,5,10,128,sigmoid,10
2319,10,5,10,0.001,1.0,1.0,4,1000,5,30,128,softmax,10
3029,10,5,10,0.001,1.0,1.0,4,1000,10,10,128,relu,10
2205,10,5,10,0.001,1.0,1.0,4,1000,5,30,128,sigmoid,10
2389,10,5,10,0.001,1.0,1.0,4,1000,5,30,128,swish,10
1499,10,5,10,0.001,1.0,1.0,4,1000,5,20,128,swish,10
2053,10,5,10,0.001,1.0,1.0,4,1000,5,30,"128, 64",swish,10
3025,10,5,10,0.001,1.0,1.0,4,1000,10,10,128,relu,10
2575,10,5,10,0.001,1.0,1.0,4,1000,5,30,"128, 64, 64",tanh,10
3227,10,5,10,0.001,1.0,1.0,4,1000,10,10,128,softmax,10
1483,10,5,10,0.001,1.0,1.0,4,1000,5,20,128,swish,10
2353,10,5,10,0.001,1.0,1.0,4,1000,5,30,128,swish,10
405,10,5,10,0.001,1.0,1.0,4,1000,5,10,128,sigmoid,10
433,10,5,10,0.001,1.0,1.0,4,1000,5,10,128,tanh,10
2547,10,5,10,0.001,1.0,1.0,4,1000,5,30,"128, 64, 64",tanh,10
2199,10,5,10,0.001,1.0,1.0,4,1000,5,30,128,sigmoid,10
